user_prompt,url_to_check,func_rating,custom_rating
Nvidias rtx 5070 new gpu is it really good ?,https://www.fool.com/investing/2025/02/09/is-nvidia-still-a-millionaire-maker-stock,2,1
Nvidias rtx 5070 new gpu is it really good ?,https://www.tomshardware.com/pc-components/gpus/nvidias-geforce-rtx-5070-at-usd549-how-does-it-stack-up-to-the-previous-generation-rtx-4070,3,3
kingdome come deliverance 2 got good rating compare to one give me a proper review about this game,https://www.rpgsite.net/review/16825-kingdom-come-deliverance-ii-review,3,4
kingdome come deliverance 2 got good rating compare to one give me a proper review about this game,https://www.kingdomcomehome.shop/,2,1
delta airlines planes crashed in toronto airport give me some relevant news regarding it,https://www.usatoday.com/story/travel/news/2025/02/17/delta-regional-flight-crashes-toronto-airport/78983808007/,3,3
deep learning sleep algorithm details and its working,Deep learning-based algorithm accurately classifies sleep stages in preadolescent children with sleep-disordered breathing symptoms and age-matched controls - PMC,3,4
was moon landing by NASA fake!,https://www.bbc.com/news,2,2
does whey protein deteriorate kidney function,Whey protein supplementation and its potentially adverse effects on health: a systematic review - PubMed,3,3
will amd FSR get better than nvidia dlss 4,https://www.techradar.com/computing/gpu/nvidias-dlss-4-is-amazing-heres-what-amds-fsr-4-needs-to-do-to-take-it-on,4,4
will amd FSR get better than nvidia dlss 4,How AMD GPUs performs on non mainstream games and general PC usage these days? :: Hardware and Operating Systems,2,2